"Name","Team","W","L","ERA","G","GS","CG","ShO","SV","HLD","BS","IP","TBF","H","R","ER","HR","BB","IBB","HBP","WP","BK","SO","playerid"
"Zack Greinke","Dodgers","19","3","1.66","32","32","1","0","0","0","0","222.2","843","148","43","41","14","40","1","5","7","0","200","1943"
"Jake Arrieta","Cubs","22","6","1.77","33","33","4","3","0","0","0","229.0","870","150","52","45","10","48","2","6","6","0","236","4153"
"Clayton Kershaw","Dodgers","16","7","2.13","33","33","4","3","0","0","0","232.2","890","163","62","55","15","42","1","5","9","3","301","2036"
"David Price","- - -","18","5","2.45","32","32","3","1","0","0","0","220.1","888","190","70","60","17","47","2","3","4","0","225","3184"
"Dallas Keuchel","Astros","20","8","2.48","33","33","3","2","0","0","0","232.0","911","185","68","64","17","51","0","2","9","0","216","9434"
"Jacob deGrom","Mets","14","8","2.54","30","30","0","0","0","0","0","191.0","751","149","59","54","16","38","2","2","6","0","205","10954"
"Gerrit Cole","Pirates","19","8","2.60","32","32","0","0","0","0","0","208.0","832","183","71","60","11","44","1","10","7","0","202","13125"
"Matt Harvey","Mets","13","8","2.71","29","29","0","0","0","0","0","189.1","755","156","62","57","18","37","2","5","4","0","188","11713"
"Sonny Gray","Athletics","14","7","2.73","31","31","3","2","0","0","0","208.0","831","166","71","63","17","59","0","2","13","0","169","12768"
"John Lackey","Cardinals","13","10","2.77","33","33","1","0","0","0","0","218.0","896","211","71","67","21","53","5","4","5","3","175","1507"
"Max Scherzer","Nationals","14","12","2.79","33","33","4","3","0","0","0","228.2","899","176","74","71","27","34","2","5","10","1","276","3137"
"Madison Bumgarner","Giants","18","9","2.93","32","32","4","2","0","0","0","218.1","869","181","73","71","21","39","2","7","1","0","234","5524"
"Carlos Martinez","Cardinals","14","7","3.01","31","29","0","0","0","1","0","179.2","755","168","65","60","13","63","5","8","8","1","184","11682"
"Shelby Miller","Braves","6","17","3.02","33","33","2","2","0","0","0","205.1","860","183","82","69","13","73","8","6","5","2","171","10197"
"Lance Lynn","Cardinals","12","11","3.03","31","31","0","0","0","0","0","175.1","751","172","66","59","13","68","5","5","2","0","167","2520"
"Scott Kazmir","- - -","7","11","3.10","31","31","0","0","0","0","0","183.0","763","162","77","63","20","59","0","9","5","2","155","4897"
"Marco Estrada","Blue Jays","13","8","3.13","34","28","0","0","0","0","0","181.0","725","134","67","63","24","55","2","5","2","0","131","1118"
"A.J. Burnett","Pirates","9","7","3.18","26","26","0","0","0","0","0","164.0","699","174","64","58","11","49","2","11","6","1","143","512"
"Chris Archer","Rays","12","13","3.23","34","34","1","1","0","0","0","212.0","868","175","85","76","19","66","0","3","13","0","252","6345"
"Tyson Ross","Padres","10","12","3.26","33","33","1","0","0","0","0","196.0","823","172","78","71","9","84","3","8","14","0","212","7872"
"Jon Lester","Cubs","11","12","3.34","32","32","1","0","0","0","0","205.0","828","183","83","76","16","47","0","7","8","0","207","4930"
"Wei-Yin Chen","Orioles","11","8","3.34","31","31","0","0","0","0","0","191.1","792","192","78","71","28","41","0","5","3","0","153","13071"
"Jake Odorizzi","Rays","9","9","3.35","28","28","0","0","0","0","0","169.1","700","149","65","63","18","46","0","3","5","1","150","6397"
"Jose Quintana","White Sox","9","10","3.36","32","32","1","1","0","0","0","206.1","862","218","81","77","16","44","4","8","5","0","177","11423"
"Michael Wacha","Cardinals","17","7","3.37","30","30","0","0","0","0","0","181.1","762","162","74","68","19","58","4","6","4","1","153","14078"
"Francisco Liriano","Pirates","12","7","3.38","31","31","0","0","0","0","0","186.2","773","155","75","70","15","70","1","5","10","1","205","3201"
"Chris Sale","White Sox","13","11","3.41","31","31","1","0","0","0","0","208.2","854","185","88","79","23","42","0","13","7","0","274","10603"
"Yovani Gallardo","Rangers","13","11","3.42","33","33","0","0","0","0","0","184.1","793","193","76","70","15","68","0","1","10","0","121","8173"
"Johnny Cueto","- - -","11","13","3.44","32","32","2","2","0","0","0","212.0","866","194","87","81","21","46","1","8","0","4","176","6893"
"Danny Salazar","Indians","14","10","3.45","30","30","0","0","0","0","0","185.0","757","156","79","71","23","53","1","7","3","2","195","5867"
"Corey Kluber","Indians","9","16","3.49","32","32","4","0","0","0","0","222.0","886","189","92","86","22","45","3","11","6","1","245","2429"
"Felix Hernandez","Mariners","18","9","3.53","31","31","2","2","0","0","0","201.2","826","180","80","79","23","58","0","9","10","0","191","4772"
"Edinson Volquez","Royals","13","9","3.55","34","33","1","0","0","0","0","200.1","850","190","89","79","16","72","1","8","3","0","155","3990"
"Hector Santiago","Angels","9","9","3.59","33","32","0","0","0","0","0","180.2","776","156","80","72","29","71","5","10","1","3","162","4026"
"Dan Haren","- - -","11","9","3.60","32","32","0","0","0","0","0","187.1","768","174","79","75","31","38","2","8","5","0","132","1757"
"J.A. Happ","- - -","11","8","3.61","32","31","0","0","0","0","0","172.0","717","173","71","69","16","45","4","2","6","0","151","7410"
"Carlos Carrasco","Indians","14","12","3.63","30","30","3","1","0","0","0","183.2","730","154","75","74","18","43","2","5","5","0","216","6632"
"Cole Hamels","- - -","13","8","3.65","32","32","2","1","0","0","0","212.1","880","190","88","86","22","62","3","10","9","4","215","4972"
"Garrett Richards","Angels","15","12","3.65","32","32","1","1","0","0","0","207.1","865","181","94","84","20","76","2","5","17","0","176","9784"
"Jordan Zimmermann","Nationals","13","10","3.66","33","33","0","0","0","0","0","201.2","831","204","89","82","24","39","3","8","2","1","164","4505"
"Brett Anderson","Dodgers","10","9","3.69","31","31","1","0","0","0","0","180.1","750","194","82","74","18","46","2","2","4","2","116","8223"
"Mike Fiers","- - -","7","10","3.69","31","30","1","1","0","0","0","180.1","761","162","83","74","24","64","5","6","8","0","180","7754"
"Mike Leake","- - -","11","10","3.70","30","30","2","1","0","0","0","192.0","778","174","80","79","22","49","5","3","6","2","119","10130"
"Jason Hammel","Cubs","10","7","3.74","31","31","0","0","0","0","0","170.2","710","158","79","71","23","40","4","6","10","0","172","4538"
"Erasmo Ramirez","Rays","11","6","3.75","34","27","0","0","0","0","0","163.1","666","145","73","68","16","40","0","9","3","0","126","10314"
"Gio Gonzalez","Nationals","11","8","3.79","31","31","0","0","0","0","0","175.2","758","181","79","74","8","69","3","4","4","0","169","7448"
"Mark Buehrle","Blue Jays","15","8","3.81","32","32","4","1","0","0","0","198.2","827","214","100","84","22","33","4","7","0","0","91","225"
"Kyle Gibson","Twins","11","11","3.84","32","32","1","0","0","0","0","194.2","821","186","88","83","18","65","6","7","7","0","145","10123"
"Alex Wood","- - -","12","12","3.84","32","32","0","0","0","0","0","189.2","801","198","86","81","15","59","4","4","6","1","139","13781"
"Collin McHugh","Astros","19","7","3.89","32","32","0","0","0","0","0","203.2","859","207","89","88","19","53","2","9","5","0","171","7531"
"R.A. Dickey","Blue Jays","11","11","3.91","33","33","2","0","0","0","0","214.1","884","195","97","93","25","61","1","11","9","2","126","1245"
"James Shields","Padres","13","7","3.91","33","33","0","0","0","0","0","202.1","860","189","93","88","33","81","5","9","7","1","216","7059"
"Kyle Hendricks","Cubs","8","7","3.95","32","32","1","1","0","0","0","180.0","739","166","82","79","17","43","1","8","3","1","167","12049"
"Chris Heston","Giants","12","11","3.95","31","31","2","1","0","0","0","177.2","746","169","82","78","16","64","3","13","5","1","141","10302"
"Julio Teheran","Braves","11","8","4.04","33","33","0","0","0","0","0","200.2","843","189","99","90","27","73","3","9","2","0","171","6797"
"Anthony DeSclafani","Reds","9","13","4.05","31","31","0","0","0","0","0","184.2","785","194","93","83","17","55","5","5","6","0","151","13050"
"Yordano Ventura","Royals","13","8","4.08","28","28","0","0","0","0","0","163.1","693","154","75","74","14","58","1","9","10","0","156","11855"
"Tom Koehler","Marlins","11","14","4.08","32","31","0","0","0","0","0","187.1","800","180","96","85","22","77","3","6","2","0","137","6570"
"Ubaldo Jimenez","Orioles","12","10","4.11","32","32","0","0","0","0","0","184.0","791","182","89","84","20","68","1","11","6","0","168","3374"
"Jimmy Nelson","Brewers","11","13","4.11","30","30","0","0","0","0","0","177.1","752","163","89","81","18","65","4","13","11","1","148","10547"
"Jon Niese","Mets","9","10","4.13","33","29","0","0","0","0","0","176.2","770","192","93","81","20","55","2","9","2","0","113","4424"
"Bartolo Colon","Mets","14","13","4.16","33","31","1","1","0","0","0","194.2","815","217","94","90","25","24","5","4","0","0","136","375"
"Mike Pelfrey","Twins","6","11","4.26","30","30","0","0","0","0","0","164.2","714","198","86","78","11","45","1","12","5","0","86","5203"
"Ian Kennedy","Padres","9","15","4.28","30","30","0","0","0","0","0","168.1","713","166","95","80","31","52","4","7","5","1","174","6986"
"Andrew Cashner","Padres","6","16","4.34","31","31","0","0","0","0","0","184.2","804","200","111","89","19","66","2","6","3","0","165","8782"
"Wade Miley","Red Sox","11","11","4.46","32","32","1","0","0","0","0","193.2","831","201","98","96","17","64","0","4","10","1","147","8779"
"Jeff Locke","Pirates","8","11","4.49","30","30","0","0","0","0","0","168.1","736","179","95","84","15","60","4","7","5","0","129","2929"
"Trevor Bauer","Indians","11","12","4.55","31","30","1","0","0","0","0","176.0","744","152","90","89","23","79","1","5","7","1","170","12703"
"Taijuan Walker","Mariners","11","8","4.56","29","29","1","0","0","0","0","169.2","706","163","92","86","25","40","1","9","4","1","157","11836"
"Colby Lewis","Rangers","17","9","4.66","33","33","2","1","0","0","0","204.2","861","211","114","106","26","42","2","11","5","0","142","1259"
"Rubby de la Rosa","Diamondbacks","14","9","4.67","32","32","0","0","0","0","0","188.2","809","193","103","98","32","63","3","4","2","2","150","3862"
"John Danks","White Sox","7","15","4.71","30","30","2","1","0","0","0","177.2","768","195","104","93","24","56","1","3","8","1","124","6329"
"CC Sabathia","Yankees","6","10","4.73","29","29","1","0","0","0","0","167.1","726","188","92","88","28","50","3","6","5","1","137","404"
"Aaron Harang","Phillies","6","15","4.86","29","29","0","0","0","0","0","172.1","748","189","100","93","26","51","3","6","4","0","108","1451"
"Rick Porcello","Red Sox","9","15","4.92","28","28","0","0","0","0","0","172.0","737","196","103","94","25","38","0","10","12","1","149","2717"
"Jeff Samardzija","White Sox","11","13","4.96","32","32","2","2","0","0","0","214.0","910","228","122","118","29","49","0","12","5","0","163","3254"
"Chris Tillman","Orioles","11","11","4.99","31","31","0","0","0","0","0","173.0","741","176","97","96","20","64","1","5","4","0","120","5279"
"Alfredo Simon","Tigers","13","12","5.05","31","31","2","1","0","0","0","187.0","820","201","112","105","24","68","1","8","14","0","117","2155"
